1,1000000,288
2,1000000,0
3,1000000,0
4,1000000,0
5,1000000,14
6,1000000,0
7,1000000,0
8,1000000,0
9,1000000,0
10,1000000,0
11,1000000,0
12,1000000,744
13,1000000,0
14,1000000,0
15,1000000,0
16,1000000,0
17,1000000,2996
18,1000000,0
19,1000000,0
20,1000000,0
21,1000000,0
22,1000000,61
23,1000000,0
24,1000000,17
25,1000000,28
26,1000000,0
27,1000000,149
28,1000000,0
29,1000000,0
30,1000000,112
31,1000000,16
32,1000000,0
33,1000000,0
34,1000000,0
35,1000000,0
36,1000000,23
37,1000000,0
38,1000000,0
39,1000000,0
40,1000000,0
41,1000000,0
42,1000000,0
43,1000000,0
44,1000000,14
45,1000000,0
46,1000000,0
47,1000000,0
48,1000000,0
49,1000000,56
50,1000000,506
51,1000000,0
52,1000000,0
53,1000000,0
54,1000000,0
55,1000000,0
56,1000000,0
57,1000000,3169
58,1000000,0
59,1000000,0
60,1000000,0
61,1000000,0
62,1000000,0
63,1000000,0
64,1000000,0
65,1000000,0
66,1000000,0
67,1000000,1542
68,1000000,0
69,1000000,812
70,1000000,33
71,1000000,0
72,1000000,0
73,1000000,0
74,1000000,1190
75,1000000,925
76,1000000,400
77,1000000,11
78,1000000,0
79,1000000,22
80,1000000,0
81,1000000,0
82,1000000,14
83,1000000,0
84,1000000,35
85,1000000,261
86,1000000,0
87,1000000,0
88,1000000,0
89,1000000,0
90,1000000,0
91,1000000,33
92,1000000,56
93,1000000,0
94,1000000,0
95,1000000,0
96,1000000,0
97,1000000,0
98,1000000,0
99,1000000,1444
100,1000000,0
101,1000000,17
102,1000000,0
103,1000000,0
104,1000000,0
105,1000000,0
106,1000000,17
107,1000000,0
108,1000000,326
109,1000000,0
110,1000000,0
111,1000000,0
112,1000000,0
113,1000000,0
114,1000000,52
115,1000000,484
116,1000000,0
117,1000000,0
118,1000000,0
119,1000000,0
120,1000000,0
121,1000000,0
122,1000000,0
123,1000000,0
124,1000000,0
125,1000000,0
126,1000000,0
127,1000000,219
128,1000000,0
129,1000000,0
130,1000000,0
131,1000000,0
132,1000000,0
133,1000000,0
134,1000000,251
135,1000000,0
136,1000000,237
137,1000000,0
138,1000000,0
139,1000000,0
140,1000000,130
141,1000000,0
142,1000000,0
143,1000000,9
144,1000000,0
145,1000000,0
146,1000000,33
147,1000000,0
148,1000000,0
149,1000000,0
150,1000000,242
151,1000000,0
152,1000000,0
153,1000000,0
154,1000000,0
155,1000000,0
156,1000000,0
157,1000000,0
158,1000000,0
159,1000000,0
160,1000000,0
161,1000000,0
162,1000000,0
163,1000000,0
164,1000000,0
165,1000000,0
166,1000000,0
167,1000000,0
168,1000000,0
169,1000000,75
170,1000000,0
171,1000000,159
172,1000000,0
173,1000000,0
174,1000000,0
175,1000000,0
176,1000000,0
177,1000000,60
178,1000000,0
179,1000000,223
180,1000000,0
181,1000000,0
182,1000000,0
183,1000000,0
184,1000000,0
185,1000000,0
186,1000000,0
187,1000000,0
188,1000000,0
189,1000000,0
190,1000000,0
191,1000000,71
192,1000000,0
193,1000000,71
194,1000000,0
195,1000000,0
196,1000000,0
197,1000000,28
198,1000000,0
199,1000000,0
200,1000000,185
201,1000000,0
202,1000000,0
203,1000000,22
204,1000000,0
205,1000000,0
206,1000000,0
207,1000000,33
208,1000000,0
209,1000000,330
210,1000000,1339
211,1000000,0
212,1000000,0
213,1000000,0
214,1000000,1339
215,1000000,0
216,1000000,0
217,1000000,0
218,1000000,0
219,1000000,0
220,1000000,0
221,1000000,0
222,1000000,318
223,1000000,0
224,1000000,0
225,1000000,0
226,1000000,0
227,1000000,45
228,1000000,0
229,1000000,0
230,1000000,0
231,1000000,0
232,1000000,103
233,1000000,0
234,1000000,0
235,1000000,0
236,1000000,0
237,1000000,0
238,1000000,0
239,1000000,0
240,1000000,0
241,1000000,0
242,1000000,0
243,1000000,0
244,1000000,0
245,1000000,0
246,1000000,0
247,1000000,0
248,1000000,0
249,1000000,0
250,1000000,0
251,1000000,851
252,1000000,0
253,1000000,0
254,1000000,33
255,1000000,0
256,1000000,9
257,1000000,0
258,1000000,141
259,1000000,0
260,1000000,0
261,1000000,1495
262,1000000,0
263,1000000,84
264,1000000,0
265,1000000,0
266,1000000,0
267,1000000,0
268,1000000,0
269,1000000,0
270,1000000,45
271,1000000,0
272,1000000,0
273,1000000,11
274,1000000,51
275,1000000,487
276,1000000,140
277,1000000,0
278,1000000,0
279,1000000,0
280,1000000,93
281,1000000,0
282,1000000,0
283,1000000,0
284,1000000,0
285,1000000,10
286,1000000,70
287,1000000,23
288,1000000,14
289,1000000,98
290,1000000,0
291,1000000,0
292,1000000,0
293,1000000,186
294,1000000,0
295,1000000,0
296,1000000,6863
297,1000000,0
298,1000000,0
299,1000000,0
300,1000000,0
301,1000000,0
302,1000000,0
303,1000000,28
304,1000000,0
305,1000000,0
306,1000000,0
307,1000000,0
308,1000000,0
309,1000000,0
310,1000000,1125
311,1000000,0
312,1000000,0
313,1000000,0
314,1000000,0
315,1000000,0
316,1000000,0
317,1000000,4427
318,1000000,0
319,1000000,409
320,1000000,0
321,1000000,0
322,1000000,0
323,1000000,0
324,1000000,0
325,1000000,0
326,1000000,0
327,1000000,0
328,1000000,51
329,1000000,0
330,1000000,0
331,1000000,0
332,1000000,0
333,1000000,121
334,1000000,0
335,1000000,0
336,1000000,28
337,1000000,252
338,1000000,0
339,1000000,0
340,1000000,31
341,1000000,0
342,1000000,0
343,1000000,28
344,1000000,0
345,1000000,93
346,1000000,0
347,1000000,0
348,1000000,0
349,1000000,177
350,1000000,539
351,1000000,0
352,1000000,0
353,1000000,65
354,1000000,17
355,1000000,0
356,1000000,0
357,1000000,0
358,1000000,9
359,1000000,0
360,1000000,0
361,1000000,0
362,1000000,56
363,1000000,0
364,1000000,0
365,1000000,9
366,1000000,791
367,1000000,558
368,1000000,0
369,1000000,0
370,1000000,0
371,1000000,0
372,1000000,0
373,1000000,71
374,1000000,98
375,1000000,0
376,1000000,0
377,1000000,0
378,1000000,437
379,1000000,0
380,1000000,0
381,1000000,0
382,1000000,0
383,1000000,821
384,1000000,0
385,1000000,0
386,1000000,0
387,1000000,0
388,1000000,0
389,1000000,0
390,1000000,0
391,1000000,0
392,1000000,0
393,1000000,189
394,1000000,0
395,1000000,275
396,1000000,22
397,1000000,0
398,1000000,0
399,1000000,0
400,1000000,126
401,1000000,0
402,1000000,11
403,1000000,298
404,1000000,0
405,1000000,0
406,1000000,445
407,1000000,0
408,1000000,0
409,1000000,0
410,1000000,456
411,1000000,0
412,1000000,0
413,1000000,0
414,1000000,0
415,1000000,0
416,1000000,0
417,1000000,0
418,1000000,0
419,1000000,47
420,1000000,0
421,1000000,0
422,1000000,0
423,1000000,11
424,1000000,0
425,1000000,0
426,1000000,0
427,1000000,0
428,1000000,0
429,1000000,83
430,1000000,42
431,1000000,0
432,1000000,0
433,1000000,0
434,1000000,0
435,1000000,203
436,1000000,9
437,1000000,0
438,1000000,0
439,1000000,0
440,1000000,0
441,1000000,0
442,1000000,0
443,1000000,9
444,1000000,0
445,1000000,0
446,1000000,0
447,1000000,0
448,1000000,0
449,1000000,0
450,1000000,0
451,1000000,0
452,1000000,51
453,1000000,0
454,1000000,0
455,1000000,0
456,1000000,0
457,1000000,0
458,1000000,0
459,1000000,0
460,1000000,23
461,1000000,0
462,1000000,0
463,1000000,0
464,1000000,0
465,1000000,0
466,1000000,0
467,1000000,9
468,1000000,0
469,1000000,17
470,1000000,0
471,1000000,19
472,1000000,35
473,1000000,0
474,1000000,56
475,1000000,0
476,1000000,0
477,1000000,0
478,1000000,0
479,1000000,11
480,1000000,0
481,1000000,0
482,1000000,0
483,1000000,0
484,1000000,0
485,1000000,14
486,1000000,0
487,1000000,0
488,1000000,35
489,1000000,0
490,1000000,0
491,1000000,0
492,1000000,98
493,1000000,9
494,1000000,1488
495,1000000,0
496,1000000,0
497,1000000,0
498,1000000,60
499,1000000,0
500,1000000,0
501,1000000,0
502,1000000,0
503,1000000,0
504,1000000,0
505,1000000,0
506,1000000,0
507,1000000,0
508,1000000,0
509,1000000,33
510,1000000,0
511,1000000,0
512,1000000,0
513,1000000,0
514,1000000,0
515,1000000,28
516,1000000,0
517,1000000,0
518,1000000,0
519,1000000,0
520,1000000,0
521,1000000,35
522,1000000,0
523,1000000,33
524,1000000,17
525,1000000,0
526,1000000,93
527,1000000,0
528,1000000,0
529,1000000,0
530,1000000,0
531,1000000,0
532,1000000,0
533,1000000,0
534,1000000,9
535,1000000,65
536,1000000,0
537,1000000,1228
538,1000000,1154
539,1000000,0
540,1000000,730
541,1000000,0
542,1000000,0
543,1000000,0
544,1000000,0
545,1000000,0
546,1000000,0
547,1000000,190
548,1000000,0
549,1000000,0
550,1000000,0
551,1000000,0
552,1000000,0
553,1000000,0
554,1000000,79
555,1000000,0
556,1000000,28
557,1000000,0
558,1000000,0
559,1000000,0
560,1000000,9
561,1000000,196
562,1000000,0
563,1000000,56
564,1000000,0
565,1000000,0
566,1000000,0
567,1000000,0
568,1000000,0
569,1000000,145
570,1000000,0
571,1000000,0
572,1000000,14
573,1000000,0
574,1000000,0
575,1000000,0
576,1000000,0
577,1000000,17
578,1000000,0
579,1000000,0
580,1000000,0
581,1000000,0
582,1000000,960
583,1000000,0
584,1000000,0
585,1000000,0
586,1000000,0
587,1000000,56
588,1000000,0
589,1000000,335
590,1000000,242
591,1000000,0
592,1000000,14
593,1000000,56
594,1000000,14
595,1000000,0
596,1000000,0
597,1000000,0
598,1000000,0
599,1000000,335
600,1000000,0
601,1000000,0
602,1000000,0
603,1000000,0
604,1000000,0
605,1000000,134
606,1000000,0
607,1000000,0
608,1000000,0
609,1000000,0
610,1000000,0
611,1000000,0
612,1000000,0
613,1000000,0
614,1000000,0
615,1000000,0
616,1000000,0
617,1000000,0
618,1000000,0
619,1000000,0
620,1000000,0
621,1000000,19
622,1000000,23
623,1000000,0
624,1000000,0
625,1000000,24
626,1000000,0
627,1000000,33
628,1000000,0
629,1000000,0
630,1000000,56
631,1000000,0
632,1000000,212
633,1000000,0
634,1000000,28
635,1000000,0
636,1000000,0
637,1000000,0
638,1000000,17
639,1000000,511
640,1000000,0
641,1000000,42
642,1000000,74
643,1000000,0
644,1000000,89
645,1000000,0
646,1000000,0
647,1000000,0
648,1000000,0
649,1000000,0
650,1000000,0
651,1000000,69
652,1000000,0
653,1000000,100
654,1000000,56
655,1000000,0
656,1000000,0
657,1000000,0
658,1000000,0
659,1000000,0
660,1000000,0
661,1000000,0
662,1000000,33
663,1000000,1999
664,1000000,0
665,1000000,251
666,1000000,11
667,1000000,0
668,1000000,0
669,1000000,0
670,1000000,0
671,1000000,510
672,1000000,0
673,1000000,0
674,1000000,19
675,1000000,0
676,1000000,0
677,1000000,177
678,1000000,0
679,1000000,0
680,1000000,0
681,1000000,0
682,1000000,0
683,1000000,0
684,1000000,0
685,1000000,0
686,1000000,149
687,1000000,0
688,1000000,0
689,1000000,0
690,1000000,0
691,1000000,35
692,1000000,0
693,1000000,0
694,1000000,0
695,1000000,210
696,1000000,0
697,1000000,0
698,1000000,0
699,1000000,149
700,1000000,0
701,1000000,0
702,1000000,0
703,1000000,44
704,1000000,9
705,1000000,28
706,1000000,0
707,1000000,0
708,1000000,0
709,1000000,0
710,1000000,0
711,1000000,28
712,1000000,0
713,1000000,0
714,1000000,175
715,1000000,0
716,1000000,0
717,1000000,0
718,1000000,0
719,1000000,0
720,1000000,0
721,1000000,56
722,1000000,0
723,1000000,9
724,1000000,0
725,1000000,372
726,1000000,0
727,1000000,0
728,1000000,0
729,1000000,0
730,1000000,19
731,1000000,0
732,1000000,0
733,1000000,0
734,1000000,0
735,1000000,0
736,1000000,9
737,1000000,0
738,1000000,0
739,1000000,0
740,1000000,0
741,1000000,79
742,1000000,0
743,1000000,0
744,1000000,0
745,1000000,155
746,1000000,0
747,1000000,14
748,1000000,0
749,1000000,0
750,1000000,0
751,1000000,0
752,1000000,0
753,1000000,0
754,1000000,0
755,1000000,191
756,1000000,0
757,1000000,0
758,1000000,0
759,1000000,0
760,1000000,0
761,1000000,279
762,1000000,195
763,1000000,0
764,1000000,0
765,1000000,0
766,1000000,0
767,1000000,33
768,1000000,9
769,1000000,17
770,1000000,0
771,1000000,409
772,1000000,56
773,1000000,0
774,1000000,3227
775,1000000,0
776,1000000,0
777,1000000,864
778,1000000,0
779,1000000,0
780,1000000,186
781,1000000,0
782,1000000,502
783,1000000,0
784,1000000,0
785,1000000,0
786,1000000,0
787,1000000,0
788,1000000,0
789,1000000,0
790,1000000,0
791,1000000,0
792,1000000,0
793,1000000,140
794,1000000,84
795,1000000,39
796,1000000,0
797,1000000,0
798,1000000,0
799,1000000,0
800,1000000,0
801,1000000,0
802,1000000,0
803,1000000,0
804,1000000,167
805,1000000,0
806,1000000,0
807,1000000,28
808,1000000,0
809,1000000,0
810,1000000,19
811,1000000,0
812,1000000,0
813,1000000,14
814,1000000,23
815,1000000,47
816,1000000,0
817,1000000,0
818,1000000,93
819,1000000,197
820,1000000,9
821,1000000,84
822,1000000,0
823,1000000,0
824,1000000,0
825,1000000,14
826,1000000,0
827,1000000,0
828,1000000,0
829,1000000,0
830,1000000,0
831,1000000,138
832,1000000,0
833,1000000,1312
834,1000000,0
835,1000000,0
836,1000000,285
837,1000000,0
838,1000000,0
839,1000000,35
840,1000000,0
841,1000000,121
842,1000000,0
843,1000000,0
844,1000000,119
845,1000000,3646
846,1000000,47
847,1000000,0
848,1000000,0
849,1000000,0
850,1000000,0
851,1000000,14
852,1000000,0
853,1000000,28
854,1000000,0
855,1000000,74
856,1000000,0
857,1000000,0
858,1000000,0
859,1000000,20
860,1000000,0
861,1000000,0
862,1000000,0
863,1000000,0
864,1000000,9
865,1000000,0
866,1000000,0
867,1000000,0
868,1000000,0
869,1000000,121
870,1000000,0
871,1000000,0
872,1000000,0
873,1000000,0
874,1000000,0
875,1000000,0
876,1000000,326
877,1000000,0
878,1000000,0
879,1000000,0
880,1000000,0
881,1000000,0
882,1000000,0
883,1000000,0
884,1000000,0
885,1000000,74
886,1000000,0
887,1000000,0
888,1000000,0
889,1000000,17
890,1000000,0
891,1000000,17
892,1000000,74
893,1000000,356
894,1000000,73
895,1000000,0
896,1000000,0
897,1000000,37
898,1000000,19
899,1000000,0
900,1000000,4
901,1000000,168
902,1000000,9
903,1000000,0
904,1000000,428
905,1000000,0
906,1000000,0
907,1000000,0
908,1000000,3535
909,1000000,17
910,1000000,0
911,1000000,0
912,1000000,505
913,1000000,1320
914,1000000,0
915,1000000,0
916,1000000,0
917,1000000,0
918,1000000,0
919,1000000,0
920,1000000,0
921,1000000,167
922,1000000,14
923,1000000,33
924,1000000,0
925,1000000,47
926,1000000,1488
927,1000000,50
928,1000000,0
929,1000000,0
930,1000000,0
931,1000000,54
932,1000000,0
933,1000000,0
934,1000000,140
935,1000000,0
936,1000000,0
937,1000000,0
938,1000000,0
939,1000000,0
940,1000000,0
941,1000000,9
942,1000000,0
943,1000000,0
944,1000000,131
945,1000000,0
946,1000000,455
947,1000000,0
948,1000000,0
949,1000000,0
950,1000000,0
951,1000000,0
952,1000000,4600
953,1000000,0
954,1000000,0
955,1000000,0
956,1000000,28
957,1000000,0
958,1000000,14
959,1000000,0
960,1000000,0
961,1000000,0
962,1000000,0
963,1000000,0
964,1000000,0
965,1000000,0
966,1000000,268
967,1000000,0
968,1000000,57
969,1000000,0
970,1000000,0
971,1000000,0
972,1000000,0
973,1000000,0
974,1000000,14
975,1000000,0
976,1000000,0
977,1000000,45
978,1000000,0
979,1000000,0
980,1000000,0
981,1000000,28
982,1000000,0
983,1000000,0
984,1000000,0
985,1000000,0
986,1000000,35
987,1000000,0
988,1000000,0
989,1000000,4
990,1000000,233
991,1000000,42
992,1000000,47
993,1000000,0
994,1000000,45
995,1000000,0
996,1000000,0
997,1000000,0
998,1000000,74
999,1000000,0
1000,1000000,22
1001,1000000,502
1002,1000000,0
1003,1000000,0
1004,1000000,0
1005,1000000,0
1006,1000000,298
1007,1000000,0
1008,1000000,0
1009,1000000,49
1010,1000000,0
1011,1000000,0
1012,1000000,42
1013,1000000,0
1014,1000000,0
1015,1000000,36
1016,1000000,2123
1017,1000000,0
1018,1000000,0
1019,1000000,0
1020,1000000,251
1021,1000000,0
1022,1000000,111
1023,1000000,35
1024,1000000,0
1025,1000000,131
1026,1000000,318
1027,1000000,0
1028,1000000,298
1029,1000000,0
1030,1000000,571
1031,1000000,0
1032,1000000,0
1033,1000000,0
1034,1000000,0
1035,1000000,37
1036,1000000,308
1037,1000000,0
1038,1000000,0
1039,1000000,0
1040,1000000,0
1041,1000000,975
1042,1000000,0
1043,1000000,60
1044,1000000,0
1045,1000000,0
1046,1000000,0
1047,1000000,0
1048,1000000,0
1049,1000000,0
1050,1000000,108
1051,1000000,0
1052,1000000,93
1053,1000000,0
1054,1000000,0
1055,1000000,0
1056,1000000,177
1057,1000000,0
1058,1000000,0
1059,1000000,9
1060,1000000,0
1061,1000000,0
1062,1000000,0
1063,1000000,0
1064,1000000,0
1065,1000000,0
1066,1000000,2750
1067,1000000,0
1068,1000000,28
1069,1000000,0
1070,1000000,0
1071,1000000,0
1072,1000000,0
1073,1000000,0
1074,1000000,0
1075,1000000,33
1076,1000000,0
1077,1000000,35
1078,1000000,11
1079,1000000,0
1080,1000000,9
1081,1000000,0
1082,1000000,298
1083,1000000,9
1084,1000000,0
1085,1000000,0
1086,1000000,131
1087,1000000,14
1088,1000000,0
1089,1000000,0
1090,1000000,0
1091,1000000,0
1092,1000000,0
1093,1000000,35
1094,1000000,0
1095,1000000,56
1096,1000000,0
1097,1000000,19
1098,1000000,0
1099,1000000,60
1100,1000000,14
1101,1000000,0
1102,1000000,0
1103,1000000,11
1104,1000000,0
1105,1000000,0
1106,1000000,0
1107,1000000,0
1108,1000000,0
1109,1000000,0
1110,1000000,0
1111,1000000,0
1112,1000000,0
1113,1000000,0
1114,1000000,0
1115,1000000,0
1116,1000000,223
1117,1000000,0
1118,1000000,335
1119,1000000,251
1120,1000000,0
1121,1000000,279
1122,1000000,0
1123,1000000,0
1124,1000000,0
1125,1000000,235
1126,1000000,19
1127,1000000,0
1128,1000000,178
1129,1000000,0
1130,1000000,0
1131,1000000,59
1132,1000000,0
1133,1000000,0
1134,1000000,0
1135,1000000,186
1136,1000000,0
1137,1000000,0
1138,1000000,0
1139,1000000,0
1140,1000000,9
1141,1000000,23
1142,1000000,0
1143,1000000,0
1144,1000000,0
1145,1000000,0
1146,1000000,9
1147,1000000,0
1148,1000000,0
1149,1000000,0
1150,1000000,0
1151,1000000,0
1152,1000000,74
1153,1000000,0
1154,1000000,870
1155,1000000,0
1156,1000000,0
1157,1000000,0
1158,1000000,23
1159,1000000,0
1160,1000000,23
1161,1000000,0
1162,1000000,149
1163,1000000,0
1164,1000000,9
1165,1000000,0
1166,1000000,19
1167,1000000,811
1168,1000000,0
1169,1000000,0
1170,1000000,56
1171,1000000,33
1172,1000000,0
1173,1000000,9
1174,1000000,0
1175,1000000,0
1176,1000000,0
1177,1000000,0
1178,1000000,58
1179,1000000,0
1180,1000000,0
1181,1000000,99
1182,1000000,0
1183,1000000,0
1184,1000000,251
1185,1000000,33
1186,1000000,155
1187,1000000,0
1188,1000000,0
1189,1000000,0
1190,1000000,0
1191,1000000,51
1192,1000000,0
1193,1000000,0
1194,1000000,0
1195,1000000,0
1196,1000000,0
1197,1000000,0
1198,1000000,0
1199,1000000,0
1200,1000000,0
1201,1000000,0
1202,1000000,0
1203,1000000,0
1204,1000000,0
1205,1000000,0
1206,1000000,0
1207,1000000,149
1208,1000000,37
1209,1000000,0
1210,1000000,2531
1211,1000000,0
1212,1000000,0
1213,1000000,0
1214,1000000,0
1215,1000000,0
1216,1000000,0
1217,1000000,0
1218,1000000,0
1219,1000000,2790
1220,1000000,0
1221,1000000,0
1222,1000000,0
1223,1000000,135
1224,1000000,0
1225,1000000,0
1226,1000000,0
1227,1000000,33
1228,1000000,0
1229,1000000,0
1230,1000000,0
1231,1000000,294
1232,1000000,0
1233,1167267,16740
1234,1000000,0
1235,1000000,0
1236,1000000,0
1237,1000000,0
1238,1000000,0
1239,1000000,0
1240,1000000,0
1241,1000000,0
1242,1000000,0
1243,1000000,0
1244,1000000,5831
1245,1000000,0
1246,1000000,298
1247,1000000,0
1248,1000000,521
1249,1000000,0
1250,1000000,0
1251,1000000,0
1252,1000000,0
1253,1000000,171
1254,1000000,0
1255,1000000,0
1256,1000000,0
1257,1000000,0
1258,1000000,60
1259,1000000,0
1260,1000000,0
1261,1000000,0
1262,1000000,0
1263,1000000,0
1264,1000000,0
1265,1000000,0
1266,1000000,0
1267,1000000,0
1268,1000000,0
1269,1000000,0
1270,1000000,0
1271,1000000,371
1272,1000000,0
1273,1000000,0
1274,1000000,1004
1275,1000000,0
1276,1000000,0
1277,1000000,0
1278,1000000,33
1279,1000000,0
1280,1000000,0
1281,1000000,0
1282,1000000,0
1283,1000000,0
1284,1000000,0
1285,1000000,98
1286,1000000,0
1287,1000000,0
1288,1000000,60
1289,1000000,0
1290,1000000,42
1291,1000000,0
1292,1000000,0
1293,1000000,0
1294,1000000,0
1295,1000000,0
1296,1000000,0
1297,1000000,9
1298,1000000,0
1299,1000000,0
1300,1000000,116
1301,1000000,0
1302,1000000,0
1303,1000000,0
1304,1000000,80
1305,1000000,0
1306,1000000,0
1307,1000000,0
1308,1000000,0
1309,1000000,14
1310,1000000,0
1311,1000000,0
1312,1000000,0
1313,1000000,0
1314,1000000,9
1315,1000000,196
1316,1000000,0
1317,1000000,0
1318,1000000,0
1319,1000000,0
1320,1000000,0
1321,1000000,9
1322,1000000,0
1323,1000000,0
1324,1000000,0
1325,1000000,0
1326,1000000,0
1327,1000000,0
1328,1000000,135
1329,1000000,23
1330,1000000,0
1331,1000000,196
1332,1000000,0
1333,1000000,0
1334,1000000,23
1335,1000000,0
1336,1000000,0
1337,1000000,19
1338,1000000,28
1339,1000000,130
1340,1000000,22
1341,1000000,0
1342,1000000,0
1343,1000000,0
1344,1000000,0
1345,1000000,9
1346,1000000,0
1347,1000000,0
1348,1000000,0
1349,1000000,71
1350,1000000,0
1351,1000000,0
1352,1000000,0
1353,1000000,0
1354,1000000,9
1355,1000000,698
1356,1000000,82
1357,1000000,71
1358,1000000,23
1359,1000000,251
1360,1000000,0
1361,1000000,19
1362,1000000,0
1363,1000000,173
1364,1000000,28
1365,1000000,50
1366,1000000,0
1367,1000000,0
1368,1000000,197
1369,1000000,320
1370,1000000,0
1371,1000000,0
1372,1000000,0
1373,1000000,0
1374,1000000,149
1375,1000000,0
1376,1000000,0
1377,1000000,67
1378,1000000,0
1379,1000000,212
1380,1000000,0
1381,1000000,1
1382,1000000,0
1383,1000000,0
1384,1000000,0
1385,1000000,1786
1386,1000000,0
1387,1000000,0
1388,1000000,0
1389,1000000,0
1390,1000000,0
1391,1000000,0
1392,1000000,0
1393,1000000,4
1394,1000000,0
1395,1000000,0
1396,1000000,42
1397,1000000,0
1398,1000000,74
1399,1000000,0
1400,1000000,205
1401,1000000,0
1402,1000000,0
1403,1000000,0
1404,1000000,0
1405,1000000,0
1406,1000000,0
1407,1000000,0
1408,1000000,0
1409,1000000,0
1410,1000000,0
1411,1000000,35
1412,1000000,186
1413,1000000,417
1414,1000000,117
1415,1000000,28
1416,1000000,0
1417,1000000,19
1418,1000000,0
1419,1000000,0
1420,1000000,0
1421,1000000,37
1422,1000000,0
1423,1000000,47
1424,1000000,0
1425,1000000,0
1426,1000000,0
1427,1000000,0
1428,1000000,0
1429,1000000,0
1430,1000000,0
1431,1000000,205
1432,1000000,9
1433,1000000,0
1434,1000000,395
1435,1000000,67
1436,1000000,0
1437,1000000,0
1438,1000000,0
1439,1000000,26
1440,1000000,111
1441,1000000,0
1442,1000000,0
1443,1000000,23
1444,1000000,0
1445,1000000,0
1446,1000000,0
1447,1000000,0
1448,1000000,0
1449,1000000,0
1450,1000000,17
1451,1000000,0
1452,1000000,0
1453,1000000,0
1454,1000000,0
1455,1000000,0
1456,1000000,0
1457,1000000,698
1458,1000000,9
1459,1000000,28
1460,1000000,45
1461,1000000,0
1462,1000000,0
1463,1000000,74
1464,1000000,47
1465,1000000,0
1466,1000000,11
1467,1000000,0
1468,1000000,251
1469,1000000,0
1470,1000000,0
1471,1000000,0
1472,1000000,0
1473,1000000,0
1474,1000000,0
1475,1000000,1190
1476,1000000,42
1477,1000000,0
1478,1000000,0
1479,1000000,0
1480,1000000,167
1481,1000000,0
1482,1000000,0
1483,1000000,35
1484,1000000,0
1485,1000000,28
1486,1000000,227
1487,1000000,0
1488,1000000,0
1489,1000000,0
1490,1000000,0
1491,1000000,0
1492,1000000,84
1493,1000000,0
1494,1000000,353
1495,1000000,0
1496,1000000,1590
1497,1000000,0
1498,1000000,0
1499,1000000,0
1500,1000000,0
1501,1000000,0
1502,1000000,172
1503,1000000,0
1504,1000000,9
1505,1000000,0
1506,1000000,126
1507,1000000,0
1508,1000000,42
1509,1000000,0
1510,1000000,28
1511,1000000,167
1512,1000000,11
1513,1000000,0
1514,1000000,0
1515,1000000,0
1516,1000000,0
1517,1000000,0
1518,1000000,0
1519,1000000,0
1520,1000000,287
1521,1000000,0
1522,1000000,0
1523,1000000,0
1524,1000000,1037
1525,1000000,35
1526,1000000,0
1527,1000000,0
1528,1000000,0
1529,1000000,28
1530,1000000,0
1531,1000000,17
1532,1000000,0
1533,1000000,0
1534,1000000,0
1535,1000000,0
1536,1000000,0
1537,1000000,41
1538,1000000,485
1539,1000000,0
1540,1000000,1647
1541,1000000,0
1542,1000000,0
1543,1000000,0
1544,1000000,0
1545,1000000,0
1546,1000000,35
1547,1000000,28
1548,1000000,0
1549,1000000,0
1550,1000000,23
1551,1000000,0
1552,1000000,0
1553,1000000,0
1554,1000000,150
1555,1000000,0
1556,1000000,9
1557,1000000,93
1558,1000000,0
1559,1000000,0
1560,1000000,28
1561,1000000,674
1562,1000000,1215
1563,1000000,0
1564,1000000,0
1565,1000000,0
1566,1000000,0
1567,1000000,71
1568,1000000,35
1569,1000000,42
1570,1000000,0
1571,1000000,0
1572,1000000,0
1573,1000000,0
1574,1000000,503
1575,1000000,0
1576,1000000,0
1577,1000000,0
1578,1000000,0
1579,1000000,70
1580,1000000,0
1581,1000000,0
1582,1000000,0
1583,1000000,0
1584,1000000,0
1585,1000000,0
1586,1000000,0
1587,1000000,0
1588,1000000,0
1589,1000000,0
1590,1000000,0
1591,1000000,0
1592,1000000,1943
1593,1000000,0
1594,1000000,0
1595,1000000,0
1596,1000000,28
1597,1000000,14
1598,1000000,0
1599,1000000,0
1600,1000000,0
1601,1000000,0
1602,1000000,0
1603,1000000,0
1604,1000000,0
1605,1000000,56
1606,1000000,0
1607,1000000,0
1608,1000000,149
1609,1000000,0
1610,1000000,0
1611,1000000,0
1612,1000000,0
1613,1000000,0
1614,1000000,456
1615,1000000,0
1616,1000000,0
1617,1000000,0
1618,1000000,0
1619,1000000,0
1620,1000000,317
1621,1000000,52
1622,1000000,0
1623,1000000,0
1624,1000000,307
1625,1000000,0
1626,1000000,0
1627,1000000,0
1628,1000000,0
1629,1000000,0
1630,1000000,0
1631,1000000,0
1632,1000000,0
1633,1000000,0
1634,1000000,0
1635,1000000,42
1636,1000000,0
1637,1000000,0
1638,1000000,0
1639,1000000,0
1640,1000000,0
1641,1000000,0
1642,1000000,0
1643,1000000,305
1644,1000000,1164
1645,1000000,0
1646,1000000,0
1647,1000000,0
1648,1000000,33
1649,1000000,0
1650,1000000,0
1651,1000000,35
1652,1000000,0
1653,1000000,0
1654,1000000,0
1655,1000000,0
1656,1000000,0
1657,1000000,167
1658,1000000,35
1659,1000000,0
1660,1000000,36
1661,1000000,0
1662,1000000,0
1663,1000000,0
1664,1000000,35
1665,1000000,0
1666,1000000,19
1667,1000000,0
1668,1000000,0
1669,1000000,0
1670,1000000,0
1671,1000000,0
1672,1000000,0
1673,1000000,33
1674,1000000,12193
1675,1000000,0
1676,1000000,0
1677,1000000,1488
1678,1000000,14
1679,1000000,0
1680,1000000,0
1681,1000000,0
1682,1000000,0
1683,1000000,0
1684,1000000,0
1685,1000000,0
1686,1000000,0
1687,1000000,0
1688,1000000,0
1689,1000000,0
1690,1000000,64
1691,1000000,0
1692,1000000,0
1693,1000000,0
1694,1000000,0
1695,1000000,0
1696,1000000,0
1697,1000000,0
1698,1000000,0
1699,1000000,0
1700,1000000,0
1701,1000000,74
1702,1000000,0
1703,1000000,0
1704,1000000,0
1705,1000000,0
1706,1000000,0
1707,1000000,0
1708,1000000,0
1709,1000000,0
1710,1000000,0
1711,1000000,0
1712,1000000,11
1713,1000000,218
1714,1000000,0
1715,1000000,0
1716,1000000,42
1717,1000000,0
1718,1000000,0
1719,1000000,0
1720,1000000,0
1721,1000000,0
1722,1000000,9
1723,1000000,0
1724,1000000,0
1725,1000000,23
1726,1000000,0
1727,1000000,0
1728,1000000,0
1729,1000000,0
1730,1000000,0
1731,1000000,0
1732,1000000,14
1733,1000000,0
1734,1000000,0
1735,1000000,159
1736,1000000,149
1737,1000000,17
1738,1000000,0
1739,1000000,0
1740,1000000,56
1741,1000000,0
1742,1000000,209
1743,1000000,0
1744,1000000,0
1745,1000000,0
1746,1000000,200
1747,1000000,0
1748,1000000,166
1749,1000000,0
1750,1000000,0
1751,1000000,251
1752,1000000,0
1753,1000000,0
1754,1000000,103
1755,1000000,208
1756,1000000,0
1757,1000000,0
1758,1000000,0
1759,1000000,0
1760,1000000,102
1761,1000000,0
1762,1000000,0
1763,1000000,0
1764,1000000,0
1765,1000000,0
1766,1000000,0
1767,1000000,0
1768,1000000,0
1769,1000000,22
1770,1000000,0
1771,1000000,0
1772,1000000,0
1773,1000000,0
1774,1000000,0
1775,1000000,0
1776,1000000,0
1777,1000000,0
1778,1000000,23
1779,1000000,0
1780,1000000,0
1781,1000000,0
1782,1000000,0
1783,1000000,186
1784,1000000,23
1785,1000000,0
1786,1000000,363
1787,1000000,0
1788,1000000,93
1789,1000000,0
1790,1000000,1230
1791,1000000,1117
1792,1000000,0
1793,1000000,28
1794,1000000,45
1795,1000000,412
1796,1000000,0
1797,1000000,0
1798,1000000,51
1799,1000000,140
1800,1000000,14
1801,1000000,154
1802,1000000,0
1803,1000000,0
1804,1000000,646
1805,1000000,0
1806,1000000,0
1807,1000000,9
1808,1000000,0
1809,1000000,0
1810,1000000,55
1811,1000000,0
1812,1000000,30
1813,1000000,0
1814,1000000,14
1815,1000000,159
1816,1000000,0
1817,1000000,0
1818,1000000,35
1819,1000000,0
1820,1000000,0
1821,1000000,0
1822,1000000,0
1823,1000000,0
1824,1000000,0
1825,1000000,0
1826,1000000,223
1827,1000000,45
1828,1000000,0
1829,1000000,0
1830,1000000,0
1831,1000000,0
1832,1000000,0
1833,1000000,0
1834,1000000,0
1835,1000000,0
1836,1000000,0
1837,1000000,0
1838,1000000,51
1839,1000000,0
1840,1000000,0
1841,1000000,14
1842,1000000,0
1843,1000000,0
1844,1000000,0
1845,1000000,0
1846,1000000,130
1847,1000000,0
1848,1000000,0
1849,1000000,0
1850,1000000,0
1851,1000000,0
1852,1000000,37
1853,1000000,0
1854,1000000,0
1855,1000000,0
1856,1000000,0
1857,1000000,0
1858,1000000,53
1859,1000000,121
1860,1000000,0
1861,1000000,0
1862,1000000,186
1863,1000000,84
1864,1000000,0
1865,1000000,242
1866,1000000,17
1867,1000000,0
1868,1000000,251
1869,1000000,23
1870,1000000,66
1871,1000000,0
1872,1000000,9
1873,1000000,181
1874,1000000,0
1875,1000000,0
1876,1000000,121
1877,1000000,0
1878,1000000,0
1879,1000000,0
1880,1000000,0
1881,1000000,42
1882,1000000,0
1883,1000000,285
1884,1000000,0
1885,1000000,0
1886,1000000,0
1887,1000000,0
1888,1000000,0
1889,1000000,0
1890,1000000,0
1891,1000000,0
1892,1000000,0
1893,1000000,0
1894,1000000,115
1895,1000000,0
1896,1000000,0
1897,1000000,61
1898,1000000,0
1899,1000000,0
1900,1000000,0
1901,1000000,0
1902,1000000,631
1903,1000000,0
1904,1000000,0
1905,1000000,0
1906,1000000,56
1907,1000000,33
1908,1000000,0
1909,1000000,42
1910,1000000,0
1911,1000000,0
1912,1000000,112
1913,1000000,0
1914,1000000,0
1915,1000000,0
1916,1000000,0
1917,1000000,35
1918,1000000,56
1919,1000000,0
1920,1000000,1196
1921,1000000,0
1922,1000000,9
1923,1000000,372
1924,1000000,260
1925,1000000,0
1926,1000000,0
1927,1000000,0
1928,1000000,0
1929,1000000,19
1930,1000000,42
1931,1000000,0
1932,1000000,0
1933,1000000,0
1934,1000000,0
1935,1000000,92
1936,1000000,0
1937,1000000,9
1938,1000000,264
1939,1000000,0
1940,1000000,11
1941,1000000,50
1942,1000000,80
1943,1000000,414
1944,1000000,17
1945,1000000,0
1946,1000000,381
1947,1000000,0
1948,1000000,0
1949,1000000,0
1950,1000000,0
1951,1000000,0
1952,1000000,0
1953,1000000,181
1954,1000000,0
1955,1000000,0
1956,1000000,0
1957,1000000,0
1958,1000000,0
1959,1000000,316
1960,1000000,0
1961,1000000,0
1962,1000000,0
1963,1000000,0
1964,1000000,0
1965,1000000,0
1966,1000000,0
1967,1000000,0
1968,1000000,474
1969,1000000,0
1970,1000000,47
1971,1000000,0
1972,1000000,0
1973,1000000,0
1974,1000000,0
1975,1000000,0
1976,1000000,874
1977,1000000,0
1978,1000000,0
1979,1000000,0
1980,1000000,0
1981,1000000,22
1982,1000000,0
1983,1000000,0
1984,1000000,0
1985,1000000,0
1986,1000000,0
1987,1000000,0
1988,1000000,335
1989,1000000,446
1990,1000000,0
1991,1000000,0
1992,1000000,0
1993,1000000,0
1994,1000000,0
1995,1000000,0
1996,1000000,0
1997,1000000,0
1998,1000000,0
1999,1000000,0
2000,1000000,112
2001,1000000,0
2002,1000000,17
2003,1000000,0
2004,1000000,0
2005,1000000,0
2006,1000000,0
2007,1000000,0
2008,1000000,0
2009,1000000,0
2010,1000000,19
2011,1000000,0
2012,1000000,0
2013,1000000,0
2014,1000000,0
2015,1000000,0
2016,1000000,0
2017,1000000,0
2018,1000000,0
2019,1000000,45
2020,1000000,1706
2021,1000000,193
2022,1000000,0
2023,1000000,0
2024,1000000,0
2025,1000000,0
2026,1000000,0
2027,1000000,0
2028,1000000,0
2029,1000000,0
2030,1000000,0
2031,1000000,0
2032,1000000,0
2033,1000000,0
2034,1000000,0
2035,1000000,9
2036,1000000,0
2037,1000000,0
2038,1000000,0
2039,1000000,0
2040,1000000,9
2041,1000000,0
2042,1000000,0
2043,1000000,0
2044,1000000,0
2045,1000000,0
2046,1000000,0
2047,1000000,0
2048,1000000,0
2049,1000000,35
2050,1000000,0
2051,1000000,0
2052,1000000,11
2053,1000000,35
2054,1000000,0
2055,1000000,0
2056,1000000,74
2057,1000000,74
2058,1000000,0
2059,1000000,0
2060,1000000,0
2061,1000000,0
2062,1000000,0
2063,1000000,0
2064,1000000,0
2065,1000000,223
2066,1000000,0
2067,1000000,0
2068,1000000,0
2069,1000000,0
2070,1000000,0
2071,1000000,28
2072,1000000,0
2073,1000000,0
2074,1000000,1541
2075,1000000,0
2076,1000000,446
2077,1000000,149
2078,1000000,0
2079,1000000,28
2080,1000000,42
2081,1000000,0
2082,1000000,0
2083,1000000,0
2084,1000000,0
2085,1000000,0
2086,1000000,0
2087,1000000,0
2088,1000000,0
2089,1000000,0
2090,1000000,84
2091,1000000,5
2092,1000000,0
2093,1000000,0
2094,1000000,0
2095,1000000,0
2096,1000000,0
2097,1000000,0
2098,1000000,0
2099,1000000,121
2100,1000000,184
2101,1000000,17
2102,1000000,0
2103,1000000,0
2104,1000000,0
2105,1000000,0
2106,1000000,0
2107,1000000,0
2108,1000000,0
2109,1000000,0
2110,1000000,0
2111,1000000,118
2112,1000000,0
2113,1000000,11
2114,1000000,0
2115,1000000,0
2116,1000000,0
2117,1000000,0
2118,1000000,0
2119,1000000,0
2120,1000000,51
2121,1000000,0
2122,1000000,2851
2123,1000000,0
2124,1000000,6
2125,1000000,9
2126,1000000,0
2127,1000000,0
2128,1000000,0
2129,1000000,0
2130,1000000,84
2131,1000000,0
2132,1000000,272
2133,1000000,0
2134,1000000,0
2135,1000000,0
2136,1000000,734
2137,1000000,0
2138,1000000,0
2139,1000000,9
2140,1000000,0
2141,1000000,0
2142,1000000,80
2143,1000000,0
2144,1000000,251
2145,1000000,0
2146,1000000,84
2147,1000000,1361
2148,1000000,9
2149,1000000,22
2150,1000000,0
2151,1000000,0
2152,1000000,2037
2153,1000000,0
2154,1000000,0
2155,1000000,0
2156,1000000,0
2157,1000000,42
2158,1000000,0
2159,1000000,0
2160,1000000,0
2161,1000000,0
2162,1000000,9
2163,1000000,0
2164,1000000,502
2165,1000000,0
2166,1000000,0
2167,1000000,0
2168,1000000,131
2169,1000000,0
2170,1000000,0
2171,1000000,0
2172,1000000,0
2173,1000000,17
2174,1000000,0
2175,1000000,167
2176,1000000,0
2177,1000000,264
2178,1000000,0
2179,1000000,9
2180,1000000,0
2181,1000000,0
2182,1000000,0
2183,1000000,0
2184,1000000,186
2185,1000000,28
2186,1000000,150
2187,1000000,0
2188,1000000,0
2189,1000000,35
2190,1000000,0
2191,1000000,0
2192,1000000,0
2193,1000000,0
2194,1000000,0
2195,1000000,0
2196,1000000,0
2197,1000000,0
2198,1000000,9
2199,1000000,502
2200,1000000,1
2201,1000000,586
2202,1000000,0
2203,1000000,23
2204,1000000,28
2205,1000000,0
2206,1000000,93
2207,1000000,0
2208,1000000,0
2209,1000000,0
2210,1000000,0
2211,1000000,0
2212,1000000,74
2213,1000000,0
2214,1000000,20
2215,1000000,0
2216,1000000,0
2217,1000000,0
2218,1000000,0
2219,1000000,186
2220,1000000,223
2221,1000000,0
2222,1000000,0
2223,1000000,0
2224,1000000,0
2225,1000000,0
2226,1000000,0
2227,1000000,0
2228,1000000,0
2229,1000000,1008
2230,1000000,0
2231,1000000,0
2232,1000000,0
2233,1000000,112
2234,1000000,0
2235,1000000,0
2236,1000000,0
2237,1000000,80
2238,1000000,0
2239,1000000,0
2240,1000000,0
2241,1000000,0
2242,1000000,0
2243,1000000,0
2244,1000000,0
2245,1000000,0
2246,1000000,0
2247,1000000,0
2248,1000000,0
2249,1000000,0
2250,1000000,0
2251,1000000,102
2252,1000000,0
2253,1000000,9
2254,1000000,0
2255,1000000,17
2256,1000000,0
2257,1000000,0
2258,1000000,321
2259,1000000,0
2260,1000000,0
2261,1000000,63
2262,1000000,0
2263,1000000,0
2264,1000000,47
2265,1000000,0
2266,1000000,0
2267,1000000,0
2268,1000000,0
2269,1000000,33
2270,1000000,35
2271,1000000,0
2272,1000000,0
2273,1000000,0
2274,1000000,0
2275,1000000,59
2276,1000000,0
2277,1000000,11
2278,1000000,0
2279,1000000,0
2280,1000000,0
2281,1000000,0
2282,1000000,0
2283,1000000,0
2284,1000000,0
2285,1000000,0
2286,1000000,23
2287,1000000,0
2288,1000000,0
2289,1000000,0
2290,1000000,0
2291,1000000,0
2292,1000000,140
2293,1000000,0
2294,1000000,135
2295,1000000,14
2296,1000000,186
2297,1000000,0
2298,1000000,818
2299,1000000,35
2300,1000000,0
2301,1000000,0
2302,1000000,0
2303,1000000,933
2304,1000000,0
2305,1000000,0
2306,1000000,28
2307,1000000,0
2308,1000000,595
2309,1000000,2785
2310,1000000,0
2311,1000000,0
2312,1000000,35
2313,1000000,47
2314,1000000,0
2315,1000000,74
2316,1000000,0
2317,1000000,14
2318,1000000,0
2319,1000000,0
2320,1000000,0
2321,1000000,0
2322,1000000,0
2323,1000000,0
2324,1000000,11
2325,1000000,0
2326,1000000,0
2327,1000000,0
2328,1000000,74
2329,1000000,9
2330,1000000,0
2331,1000000,0
2332,1000000,0
2333,1000000,23
2334,1000000,168
2335,1000000,223
2336,1000000,0
2337,1000000,0
2338,1000000,0
2339,1000000,22
2340,1000000,1014
2341,1000000,0
2342,1000000,0
2343,1000000,0
2344,1000000,9
2345,1000000,93
2346,1000000,0
2347,1000000,17
2348,1000000,0
2349,1000000,52
2350,1000000,0
2351,1000000,0
2352,1000000,102
2353,1000000,0
2354,1000000,0
2355,1000000,0
2356,1000000,196
2357,1000000,0
2358,1000000,0
2359,1000000,0
2360,1000000,0
2361,1000000,0
2362,1000000,0
2363,1000000,9
2364,1000000,1395
2365,1000000,0
2366,1000000,0
2367,1000000,0
2368,1000000,0
2369,1000000,0
2370,1000000,0
2371,1000000,0
2372,1000000,0
2373,1000000,45
2374,1000000,0
2375,1000000,0
2376,1000000,0
2377,1000000,0
2378,1000000,0
2379,1000000,0
2380,1000000,0
2381,1000000,0
2382,1000000,1915
2383,1000000,0
2384,1000000,0
2385,1000000,0
2386,1000000,0
2387,1000000,47
2388,1000000,84
2389,1000000,0
2390,1000000,0
2391,1000000,251
2392,1000000,0
2393,1000000,112
2394,1000000,0
2395,1000000,345
2396,1000000,0
2397,1000000,0
2398,1000000,0
2399,1000000,0
2400,1000000,0
2401,1000000,47
2402,1000000,102
2403,1000000,14
2404,1000000,2058
2405,1000000,0
2406,1000000,0
2407,1000000,0
2408,1000000,0
2409,1000000,0
2410,1000000,0
2411,1000000,52
2412,1000000,0
2413,1000000,0
2414,1000000,0
2415,1000000,0
2416,1000000,0
2417,1000000,0
2418,1000000,0
2419,1000000,0
2420,1000000,0
2421,1000000,0
2422,1000000,0
2423,1000000,0
2424,1000000,0
2425,1000000,329
2426,1000000,0
2427,1000000,451
2428,1000000,0
2429,1000000,259
2430,1000000,0
2431,1000000,502
2432,1000000,0
2433,1000000,1032
2434,1000000,0
2435,1000000,0
2436,1000000,93
2437,1000000,0
2438,1000000,0
2439,1000000,0
2440,1000000,0
2441,1000000,0
2442,1000000,0
2443,1000000,0
2444,1000000,0
2445,1000000,526
2446,1000000,2375
2447,1000000,5147
2448,1000000,893
2449,1000000,0
2450,1000000,84
2451,1000000,0
2452,1000000,33
2453,1000000,0
2454,1000000,0
2455,1000000,0
2456,1000000,0
2457,1000000,0
2458,1000000,0
2459,1000000,277
2460,1000000,0
2461,1000000,0
2462,1000000,0
2463,1000000,0
2464,1000000,0
2465,1000000,0
2466,1000000,186
2467,1000000,17
2468,1000000,0
2469,1000000,0
2470,1000000,0
2471,1000000,17
2472,1000000,0
2473,1000000,0
2474,1000000,112
2475,1000000,358
2476,1000000,0
2477,1000000,0
2478,1000000,0
2479,1000000,0
2480,1000000,0
2481,1000000,0
2482,1000000,79
2483,1000000,112
2484,1000000,71
2485,1000000,0
2486,1000000,0
2487,1000000,50
2488,1000000,0
2489,1000000,0
2490,1000000,0
2491,1000000,0
2492,1000000,369
2493,1000000,0
2494,1000000,0
2495,1000000,9
2496,1000000,0
2497,1000000,195
2498,1000000,42
2499,1000000,0
2500,1000000,0
2501,1000000,0
2502,1000000,0
2503,1000000,47
2504,1000000,0
2505,1000000,0
2506,1000000,0
2507,1000000,0
2508,1000000,279
2509,1000000,0
2510,1000000,0
2511,1000000,0
2512,1000000,0
2513,1000000,0
2514,1000000,0
2515,1000000,0
2516,1000000,71
2517,1000000,19
2518,1000000,0
2519,1000000,0
2520,1000000,1561
2521,1000000,242
2522,1000000,0
2523,1000000,0
2524,1000000,0
2525,1000000,1918
2526,1000000,20
2527,1000000,0
2528,1000000,35
2529,1000000,324
2530,1000000,0
2531,1000000,0
2532,1000000,744
2533,1000000,0
2534,1000000,0
2535,1000000,0
2536,1000000,0
2537,1000000,54
2538,1000000,0
2539,1000000,0
2540,1000000,0
2541,1000000,0
2542,1000000,0
2543,1000000,0
2544,1000000,0
2545,1000000,0
2546,1000000,47
2547,1000000,0
2548,1000000,23
2549,1000000,0
2550,1000000,0
2551,1000000,0
2552,1000000,0
2553,1000000,0
2554,1000000,0
2555,1000000,0
2556,1000000,0
2557,1000000,17
2558,1000000,28
2559,1000000,1892
2560,1000000,0
2561,1000000,0
2562,1000000,0
2563,1000000,0
2564,1000000,0
2565,1000000,995
2566,1000000,0
2567,1000000,0
2568,1000000,0
2569,1000000,0
2570,1000000,486
2571,1000000,0
2572,1000000,0
2573,1000000,595
2574,1000000,0
2575,1000000,181
2576,1000000,0
2577,1000000,0
2578,1000000,0
2579,1000000,1692
2580,1000000,9
2581,1000000,0
2582,1000000,0
2583,1000000,0
2584,1000000,9
2585,1000000,0
2586,1000000,0
2587,1000000,0
2588,1000000,110
2589,1000000,0
2590,1000000,670
2591,1000000,0
2592,1000000,0
2593,1000000,0
2594,1000000,14
2595,1000000,0
2596,1000000,0
2597,1000000,587
2598,1000000,0
2599,1000000,0
2600,1000000,0
2601,1000000,223
2602,1000000,23
2603,1000000,0
2604,1000000,0
2605,1000000,0
2606,1000000,0
2607,1000000,0
2608,1000000,0
2609,1000000,0
2610,1000000,0
2611,1000000,0
2612,1000000,0
2613,1000000,0
2614,1000000,0
2615,1000000,84
2616,1000000,42
2617,1000000,28
2618,1000000,33
2619,1000000,0
2620,1000000,0
2621,1000000,0
2622,1000000,0
2623,1000000,212
2624,1000000,0
2625,1000000,0
2626,1000000,450
2627,1000000,23
2628,1000000,0
2629,1000000,0
2630,1000000,9
2631,1000000,219
2632,1000000,0
2633,1000000,0
2634,1000000,0
2635,1000000,0
2636,1000000,0
2637,1000000,0
2638,1000000,22
2639,1000000,0
2640,1000000,14
2641,1000000,0
2642,1000000,0
2643,1000000,214
2644,1000000,0
2645,1000000,70
2646,1000000,0
2647,1000000,0
2648,1000000,93
2649,1000000,0
2650,1000000,446
2651,1000000,42
2652,1000000,9
2653,1000000,149
2654,1000000,0
2655,1000000,0
2656,1000000,0
2657,1000000,11
2658,1000000,0
2659,1000000,0
2660,1000000,0
2661,1000000,21
2662,1000000,17
2663,1000000,0
2664,1000000,0
2665,1000000,0
2666,1000000,0
2667,1000000,0
2668,1000000,9
2669,1000000,0
2670,1000000,568
2671,1000000,0
2672,1000000,0
2673,1000000,0
2674,1000000,0
2675,1000000,0
2676,1000000,0
2677,1000000,0
2678,1000000,0
2679,1000000,75
2680,1000000,0
2681,1000000,17
2682,1000000,652
2683,1000000,0
2684,1000000,0
2685,1000000,0
2686,1000000,0
2687,1000000,0
2688,1000000,0
2689,1000000,0
2690,1000000,33
2691,1000000,205
2692,1000000,0
2693,1000000,0
2694,1000000,0
2695,1000000,0
2696,1000000,0
2697,1000000,0
2698,1000000,0
2699,1000000,0
2700,1000000,0
2701,1000000,0
2702,1000000,0
2703,1000000,0
2704,1000000,0
2705,1000000,0
2706,1000000,0
2707,1000000,0
2708,1000000,47
2709,1000000,818
2710,1000000,0
2711,1000000,0
2712,1000000,0
2713,1000000,0
2714,1000000,2009
2715,1000000,0
2716,1000000,0
2717,1000000,0
2718,1000000,0
2719,1000000,0
2720,1000000,0
2721,1000000,0
2722,1000000,28
2723,1000000,0
2724,1000000,0
2725,1000000,23
2726,1000000,121
2727,1000000,0
2728,1000000,0
2729,1000000,2455
2730,1000000,0
2731,1000000,498
2732,1000000,0
2733,1000000,17
2734,1000000,0
2735,1000000,0
2736,1000000,0
2737,1000000,145
2738,1000000,0
2739,1000000,17
2740,1000000,0
2741,1000000,0
2742,1000000,0
2743,1000000,0
2744,1000000,93
2745,1000000,0
2746,1000000,17
2747,1000000,0
2748,1000000,0
2749,1000000,0
2750,1000000,42
2751,1000000,0
2752,1000000,0
2753,1000000,0
2754,1000000,465
2755,1000000,0
2756,1000000,2250
2757,1000000,73
2758,1000000,0
2759,1000000,0
2760,1000000,163
2761,1000000,0
2762,1000000,0
2763,1000000,0
2764,1000000,0
2765,1000000,0
2766,1000000,149
2767,1000000,0
2768,1000000,0
2769,1000000,0
2770,1000000,0
2771,1000000,0
2772,1000000,242
2773,1000000,0
2774,1000000,0
2775,1000000,0
2776,1000000,0
2777,1000000,0
2778,1000000,0
2779,1000000,0
2780,1000000,42
2781,1000000,0
2782,1000000,0
2783,1000000,121
2784,1000000,0
2785,1000000,74
2786,1000000,1177
2787,1000000,0
2788,1000000,0
2789,1000000,0
2790,1000000,0
2791,1000000,11
2792,1000000,0
2793,1000000,167
2794,1000000,0
2795,1000000,0
2796,1000000,9
2797,1000000,0
2798,1000000,0
2799,1000000,0
2800,1000000,595
2801,1000000,22
2802,1000000,0
2803,1000000,0
2804,1000000,19
2805,1000000,17
2806,1000000,0
2807,1000000,0
2808,1000000,0
2809,1000000,0
2810,1000000,4015
2811,1000000,0
2812,1000000,26
2813,1000000,0
2814,1000000,0
2815,1000000,0
2816,1000000,0
2817,1000000,0
2818,1000000,0
2819,1000000,9
2820,1000000,0
2821,1000000,33
2822,1000000,0
2823,1000000,28
2824,1000000,0
2825,1000000,2947
2826,1000000,0
2827,1000000,0
2828,1000000,0
2829,1000000,0
2830,1000000,0
2831,1000000,0
2832,1000000,74
2833,1000000,0
2834,1000000,0
2835,1000000,35
2836,1000000,1786
2837,1000000,0
2838,1000000,0
2839,1000000,0
2840,1000000,0
2841,1000000,79
2842,1000000,0
2843,1000000,23
2844,1000000,0
2845,1000000,14
2846,1000000,112
2847,1000000,0
2848,1000000,0
2849,1000000,0
2850,1000000,28
2851,1000000,74
2852,1000000,0
2853,1000000,0
2854,1000000,0
2855,1000000,0
2856,1000000,0
2857,1000000,2074
2858,1000000,0
2859,1000000,28
2860,1000000,0
2861,1000000,0
2862,1000000,0
2863,1000000,1060
2864,1000000,11
2865,1000000,0
2866,1000000,253
2867,1000000,0
2868,1000000,422
2869,1000000,205
2870,1000000,9
2871,1000000,0
2872,1000000,223
2873,1000000,0
2874,1000000,0
2875,1000000,0
2876,1000000,446
2877,1000000,0
2878,1000000,33
2879,1000000,0
2880,1000000,0
2881,1000000,219
2882,1000000,219
2883,1000000,0
2884,1000000,0
2885,1000000,0
2886,1000000,0
2887,1000000,0
2888,1000000,17
2889,1000000,0
2890,1000000,0
2891,1000000,0
2892,1000000,0
2893,1000000,0
2894,1000000,0
2895,1000000,0
2896,1000000,0
2897,1000000,0
2898,1000000,9
2899,1000000,0
2900,1000000,17
2901,1000000,0
2902,1000000,0
2903,1000000,261
2904,1000000,9
2905,1000000,0
2906,1000000,0
2907,1000000,0
2908,1000000,0
2909,1000000,465
2910,1000000,0
2911,1000000,0
2912,1000000,0
2913,1000000,0
2914,1000000,28
2915,1000000,0
2916,1000000,9
2917,1000000,31
2918,1000000,0
2919,1000000,0
2920,1000000,0
2921,1000000,0
2922,1000000,0
2923,1000000,33
2924,1000000,595
2925,1000000,0
2926,1000000,0
2927,1000000,9
2928,1000000,0
2929,1000000,298
2930,1000000,391
2931,1000000,0
2932,1000000,0
2933,1000000,17
2934,1000000,0
2935,1000000,0
2936,1000000,0
2937,1000000,149
2938,1000000,0
2939,1000000,0
2940,1000000,0
2941,1000000,0
2942,1000000,149
2943,1000000,0
2944,1000000,191
2945,1000000,0
2946,1000000,0
2947,1000000,0
2948,1000000,0
2949,1000000,0
2950,1000000,0
2951,1000000,0
2952,1000000,0
2953,1000000,0
2954,1000000,0
2955,1000000,35
2956,1000000,0
2957,1000000,0
2958,1000000,0
2959,1000000,1019
2960,1000000,0
2961,1000000,0
2962,1000000,93
2963,1000000,0
2964,1000000,0
2965,1000000,0
2966,1000000,140
2967,1000000,14
2968,1000000,0
2969,1000000,0
2970,1000000,0
2971,1000000,149
2972,1000000,0
2973,1000000,0
2974,1000000,152
2975,1000000,0
2976,1000000,0
2977,1000000,28
2978,1000000,0
2979,1000000,0
2980,1000000,4241
2981,1000000,0
2982,1000000,0
2983,1000000,17
2984,1000000,14
2985,1000000,0
2986,1000000,0
2987,1000000,0
2988,1000000,0
2989,1000000,3706
2990,1000000,0
2991,1000000,0
2992,1000000,307
2993,1000000,0
2994,1000000,0
2995,1000000,0
2996,1000000,56
2997,1000000,0
2998,1000000,0
2999,1000000,0
3000,1000000,0
3001,1000000,0
3002,1000000,0
3003,1000000,223
3004,1000000,0
3005,1000000,0
3006,1000000,0
3007,1000000,127
3008,1000000,1857
3009,1000000,17
3010,1000000,0
3011,1000000,0
3012,1000000,205
3013,1000000,80
3014,1000000,0
3015,1000000,0
3016,1000000,0
3017,1000000,0
3018,1000000,62
3019,1000000,0
3020,1000000,0
3021,1000000,0
3022,1000000,0
3023,1000000,17
3024,1000000,0
3025,1000000,0
3026,1000000,0
3027,1000000,0
3028,1000000,533
3029,1000000,363
3030,1000000,0
3031,1000000,0
3032,1000000,763
3033,1000000,0
3034,1000000,41
3035,1000000,0
3036,1000000,0
3037,1000000,0
3038,1000000,0
3039,1000000,14
3040,1000000,47
3041,1000000,0
3042,1000000,0
3043,1000000,0
3044,1000000,0
3045,1000000,0
3046,1000000,0
3047,1000000,0
3048,1000000,0
3049,1000000,0
3050,1000000,0
3051,1000000,0
3052,1000000,28
3053,1000000,51
3054,1000000,84
3055,1000000,0
3056,1000000,186
3057,1000000,0
3058,1000000,9
3059,1000000,112
3060,1000000,0
3061,1000000,0
3062,1000000,0
3063,1000000,0
3064,1000000,0
3065,1000000,223
3066,1000000,0
3067,1000000,0
3068,1000000,0
3069,1000000,0
3070,1000000,0
3071,1000000,137
3072,1000000,2
3073,1000000,65
3074,1000000,0
3075,1000000,0
3076,1000000,212
3077,1000000,0
3078,1000000,0
3079,1000000,2176
3080,1000000,0
3081,1000000,0
3082,1000000,0
3083,1000000,0
3084,1000000,0
3085,1000000,242
3086,1000000,0
3087,1000000,14
3088,1000000,0
3089,1000000,9
3090,1000000,0
3091,1000000,0
3092,1000000,0
3093,1000000,0
3094,1000000,52
3095,1000000,0
3096,1000000,0
3097,1000000,0
3098,1000000,0
3099,1000000,0
3100,1000000,0
3101,1000000,17
3102,1000000,0
3103,1000000,0
3104,1000000,37
3105,1000000,0
3106,1000000,0
3107,1000000,0
3108,1000000,9
3109,1000000,0
3110,1000000,0
3111,1000000,6
3112,1000000,84
3113,1000000,0
3114,1000000,17
3115,1000000,0
3116,1000000,0
3117,1000000,660
3118,1000000,0
3119,1000000,22
3120,1000000,0
3121,1000000,107
3122,1000000,0
3123,1000000,42
3124,1000000,223
3125,1000000,18
3126,1000000,0
3127,1000000,0
3128,1000000,481
3129,1000000,23
3130,1000000,0
3131,1000000,0
3132,1000000,93
3133,1000000,0
3134,1000000,0
3135,1000000,0
3136,1000000,0
3137,1000000,0
3138,1000000,0
3139,1000000,14
3140,1000000,60
3141,1000000,0
3142,1000000,0
3143,1000000,0
3144,1000000,0
3145,1000000,33
3146,1000000,0
3147,1000000,31
3148,1000000,0
3149,1000000,0
3150,1000000,0
3151,1000000,195
3152,1000000,14
3153,1000000,0
3154,1000000,0
3155,1000000,0
3156,1000000,179
3157,1000000,0
3158,1000000,0
3159,1000000,0
3160,1000000,0
3161,1000000,167
3162,1000000,0
3163,1000000,0
3164,1000000,0
3165,1000000,0
3166,1000000,56
3167,1000000,0
3168,1000000,14
3169,1000000,0
3170,1000000,0
3171,1000000,138
3172,1000000,11
3173,1000000,0
3174,1000000,35
3175,1000000,0
3176,1000000,0
3177,1000000,270
3178,1000000,0
3179,1000000,0
3180,1000000,0
3181,1000000,42
3182,1000000,0
3183,1000000,0
3184,1000000,0
3185,1000000,0
3186,1000000,0
3187,1000000,0
3188,1000000,19
3189,1000000,14
3190,1000000,0
3191,1000000,93
3192,1000000,37
3193,1000000,0
3194,1000000,0
3195,1000000,0
3196,1000000,0
3197,1000000,0
3198,1000000,17
3199,1000000,0
3200,1000000,111
3201,1000000,0
3202,1000000,22
3203,1000000,0
3204,1000000,0
3205,1000000,837
3206,1000000,0
3207,1000000,0
3208,1000000,0
3209,1000000,0
3210,1000000,0
3211,1000000,0
3212,1000000,0
3213,1000000,0
3214,1000000,507
3215,1000000,89
3216,1000000,0
3217,1000000,0
3218,1000000,0
3219,1000000,0
3220,1000000,0
3221,1000000,0
3222,1000000,0
3223,1000000,5785
3224,1000000,0
3225,1000000,259
3226,1000000,0
3227,1000000,0
3228,1000000,0
3229,1000000,0
3230,1000000,0
3231,1000000,168
3232,1000000,66
3233,1000000,0
3234,1000000,78
3235,1000000,0
3236,1000000,9
3237,1000000,0
3238,1000000,112
3239,1000000,923
3240,1000000,0
3241,1000000,0
3242,1000000,1088
3243,1000000,117
3244,1000000,0
3245,1000000,0
3246,1000000,0
3247,1000000,0
3248,1000000,9
3249,1000000,0
3250,1000000,0
3251,1000000,0
3252,1000000,112
3253,1000000,0
3254,1000000,14
3255,1000000,0
3256,1000000,0
3257,1000000,0
3258,1000000,0
3259,1000000,0
3260,1000000,0
3261,1000000,67
3262,1000000,218
3263,1000000,0
3264,1000000,147
3265,1000000,0
3266,1000000,0
3267,1000000,35
3268,1000000,0
3269,1000000,354
3270,1000000,0
3271,1000000,112
3272,1000000,0
3273,1000000,186
3274,1000000,0
3275,1000000,0
3276,1000000,0
3277,1000000,131
3278,1000000,0
3279,1000000,0
3280,1000000,0
3281,1000000,52
3282,1000000,0
3283,1000000,107
3284,1000000,84
3285,1000000,0
3286,1000000,0
3287,1000000,0
3288,1000000,163
3289,1000000,9
3290,1000000,0
3291,1000000,19
3292,1000000,14
3293,1000000,0
3294,1000000,0
3295,1000000,0
3296,1000000,354
3297,1000000,0
3298,1000000,0
3299,1000000,0
3300,1000000,0
3301,1000000,0
3302,1000000,9
3303,1000000,0
3304,1000000,0
3305,1000000,0
3306,1000000,19
3307,1000000,0
3308,1000000,0
3309,1000000,9
3310,1000000,214
3311,1000000,0
3312,1000000,0
3313,1000000,0
3314,1000000,0
3315,1000000,3158
3316,1000000,23
3317,1000000,4
3318,1000000,974
3319,1000000,0
3320,1000000,0
3321,1000000,0
3322,1000000,0
3323,1000000,0
3324,1000000,0
3325,1000000,28
3326,1000000,0
3327,1000000,57
3328,1000000,0
3329,1000000,0
3330,1000000,0
3331,1000000,0
3332,1000000,0
3333,1000000,0
3334,1000000,0
3335,1000000,159
3336,1000000,242
3337,1000000,84
3338,1000000,45
3339,1000000,0
3340,1000000,51
3341,1000000,0
3342,1000000,0
3343,1000000,0
3344,1000000,0
3345,1000000,0
3346,1000000,149
3347,1000000,0
3348,1000000,9
3349,1000000,0
3350,1000000,47
3351,1000000,0
3352,1000000,0
3353,1000000,17
3354,1000000,0
3355,1000000,107
3356,1000000,0
3357,1000000,0
3358,1000000,0
3359,1000000,0
3360,1000000,67
3361,1000000,0
3362,1000000,0
3363,1000000,0
3364,1000000,0
3365,1000000,11
3366,1000000,0
3367,1000000,0
3368,1000000,0
3369,1000000,0
3370,1000000,0
3371,1000000,0
3372,1000000,0
3373,1000000,0
3374,1000000,2762
3375,1000000,0
3376,1000000,0
3377,1000000,0
3378,1000000,9
3379,1000000,214
3380,1000000,763
3381,1000000,117
3382,1000000,0
3383,1000000,0
3384,1000000,0
3385,1000000,0
3386,1000000,33
3387,1000000,0
3388,1000000,0
3389,1000000,0
3390,1000000,223
3391,1000000,112
3392,1000000,0
3393,1000000,0
3394,1000000,130
3395,1000000,0
3396,1000000,0
3397,1000000,0
3398,1000000,0
3399,1000000,0
3400,1000000,80
3401,1000000,0
3402,1000000,0
3403,1000000,0
3404,1000000,116
3405,1000000,0
3406,1000000,0
3407,1000000,0
3408,1000000,67
3409,1000000,0
3410,1000000,0
3411,1000000,0
3412,1000000,653
3413,1000000,167
3414,1000000,0
3415,1000000,0
3416,1000000,0
3417,1000000,0
3418,1000000,0
3419,1000000,0
3420,1000000,0
3421,1000000,0
3422,1000000,0
3423,1000000,0
3424,1000000,0
3425,1000000,0
3426,1000000,0
3427,1000000,0
3428,1000000,0
3429,1000000,0
3430,1000000,282
3431,1000000,0
3432,1000000,0
3433,1000000,0
3434,1000000,103
3435,1000000,0
3436,1000000,251
3437,1000000,36
3438,1000000,0
3439,1000000,0
3440,1000000,530
3441,1000000,0
3442,1000000,74
3443,1000000,0
3444,1000000,9
3445,1000000,0
3446,1000000,875
3447,1000000,0
3448,1000000,0
3449,1000000,0
3450,1000000,0
3451,1000000,0
3452,1000000,0
3453,1000000,0
3454,1000000,0
3455,1000000,1346
3456,1000000,0
3457,1000000,61
3458,1000000,0
3459,1000000,0
3460,1000000,0
3461,1000000,0
3462,1000000,0
3463,1000000,0
3464,1000000,0
3465,1000000,35
3466,1000000,0
3467,1000000,0
3468,1000000,0
3469,1000000,0
3470,1000000,45
3471,1000000,0
3472,1000000,0
3473,1000000,0
3474,1000000,148
3475,1000000,11
3476,1000000,19
3477,1000000,0
3478,1000000,28
3479,1000000,0
3480,1000000,0
3481,1000000,0
3482,1000000,0
3483,1000000,0
3484,1000000,0
3485,1000000,2558
3486,1000000,0
3487,1000000,0
3488,1000000,0
3489,1000000,0
3490,1000000,592
3491,1000000,9
3492,1000000,130
3493,1000000,0
3494,1000000,0
3495,1000000,28
3496,1000000,0
3497,1000000,0
3498,1000000,0
3499,1000000,1404
3500,1000000,0
3501,1000000,512
3502,1000000,56
3503,1000000,0
3504,1000000,0
3505,1000000,0
3506,1000000,0
3507,1000000,0
3508,1000000,0
3509,1000000,0
3510,1000000,0
3511,1000000,0
3512,1000000,0
3513,1000000,0
3514,1000000,0
3515,1000000,0
3516,1000000,0
3517,1000000,35
3518,1000000,11
3519,1000000,0
3520,1000000,0
3521,1000000,0
3522,1000000,11
3523,1000000,1004
3524,1000000,17
3525,1000000,0
3526,1000000,0
3527,1000000,0
3528,1000000,0
3529,1000000,42
3530,1000000,35
3531,1000000,1004
3532,1000000,0
3533,1000000,71
3534,1000000,0
3535,1000000,0
3536,1000000,92
3537,1000000,0
3538,1000000,842
3539,1000000,0
3540,1000000,0
3541,1000000,0
3542,1000000,0
3543,1000000,0
3544,1000000,28
3545,1000000,0
3546,1000000,0
3547,1000000,14
3548,1000000,19
3549,1000000,0
3550,1000000,0
3551,1000000,0
3552,1000000,0
3553,1000000,0
3554,1000000,0
3555,1000000,0
3556,1000000,0
3557,1000000,56
3558,1000000,0
3559,1000000,35
3560,1000000,11
3561,1000000,0
3562,1000000,0
3563,1000000,0
3564,1000000,0
3565,1000000,0
3566,1000000,0
3567,1000000,0
3568,1000000,130
3569,1000000,0
3570,1000000,0
3571,1000000,2360
3572,1000000,0
3573,1000000,0
3574,1000000,0
3575,1000000,1
3576,1000000,0
3577,1000000,0
3578,1000000,0
3579,1000000,725
3580,1000000,0
3581,1000000,0
3582,1000000,0
3583,1000000,0
3584,1000000,14
3585,1000000,0
3586,1000000,0
3587,1000000,0
3588,1000000,0
3589,1000000,274
3590,1000000,0
3591,1000000,61
3592,1000000,0
3593,1000000,268
3594,1000000,17
3595,1000000,21
3596,1000000,0
3597,1000000,9
3598,1000000,0
3599,1000000,0
3600,1000000,0
3601,1000000,0
3602,1000000,0
3603,1000000,0
3604,1000000,0
3605,1000000,35
3606,1000000,0
3607,1000000,0
3608,1000000,0
3609,1000000,0
3610,1000000,0
3611,1000000,0
3612,1000000,677
3613,1000000,0
3614,1000000,0
3615,1000000,0
3616,1000000,9
3617,1000000,372
3618,1000000,19
3619,1000000,0
3620,1000000,2246
3621,1000000,0
3622,1000000,173
3623,1000000,28
3624,1000000,0
3625,1000000,84
3626,1000000,149
3627,1000000,0
3628,1000000,184
3629,1000000,0
3630,1000000,23
3631,1000000,0
3632,1000000,0
3633,1000000,23
3634,1000000,0
3635,1000000,0
3636,1000000,595
3637,1000000,89
3638,1000000,42
3639,1000000,0
3640,1000000,0
3641,1000000,0
3642,1000000,0
3643,1000000,0
3644,1000000,595
3645,1000000,0
3646,1000000,0
3647,1000000,0
3648,1000000,0
3649,1000000,0
3650,1000000,0
3651,1000000,0
3652,1000000,0
3653,1000000,117
3654,1000000,42
3655,1000000,0
3656,1000000,0
3657,1000000,0
3658,1000000,47
3659,1000000,0
3660,1000000,0
3661,1000000,146
3662,1000000,0
3663,1000000,0
3664,1000000,279
3665,1000000,0
3666,1000000,670
3667,1000000,0
3668,1000000,28
3669,1000000,422
3670,1000000,0
3671,1000000,0
3672,1000000,0
3673,1000000,0
3674,1000000,0
3675,1000000,0
3676,1000000,0
3677,1000000,0
3678,1000000,0
3679,1000000,84
3680,1000000,0
3681,1000000,0
3682,1000000,0
3683,1000000,766
3684,1000000,420
3685,1000000,0
3686,1000000,181
3687,1000000,11
3688,1000000,0
3689,1000000,0
3690,1000000,270
3691,1000000,22
3692,1000000,0
3693,1000000,0
3694,1000000,0
3695,1000000,0
3696,1000000,0
3697,1000000,0
3698,1000000,59
3699,1000000,28
3700,1000000,11
3701,1000000,493
3702,1000000,0
3703,1000000,0
3704,1000000,0
3705,1000000,0
3706,1000000,0
3707,1000000,1086
3708,1000000,0
3709,1000000,0
3710,1000000,0
3711,1000000,0
3712,1000000,0
3713,1000000,33
3714,1000000,0
3715,1000000,744
3716,1000000,5
3717,1000000,149
3718,1000000,22
3719,1000000,0
3720,1000000,11
3721,1000000,0
3722,1000000,0
3723,1000000,0
3724,1000000,0
3725,1000000,0
3726,1000000,167
3727,1000000,52
3728,1000000,0
3729,1000000,0
3730,1000000,0
3731,1000000,1540
3732,1000000,81
3733,1000000,368
3734,1000000,0
3735,1000000,0
3736,1000000,0
3737,1000000,0
3738,1000000,9
3739,1000000,269
3740,1000000,1004
3741,1000000,0
3742,1000000,0
3743,1000000,446
3744,1000000,0
3745,1000000,0
3746,1000000,0
3747,1000000,0
3748,1000000,0
3749,1000000,58
3750,1000000,145
3751,1000000,294
3752,1000000,0
3753,1000000,112
3754,1000000,28
3755,1000000,138
3756,1000000,0
3757,1000000,0
3758,1000000,0
3759,1000000,50
3760,1000000,0
3761,1000000,84
3762,1000000,22
3763,1000000,0
3764,1000000,0
3765,1000000,0
3766,1000000,0
3767,1000000,195
3768,1000000,154
3769,1000000,0
3770,1000000,0
3771,1000000,0
3772,1000000,0
3773,1000000,23
3774,1000000,424
3775,1000000,0
3776,1000000,0
3777,1000000,19
3778,1000000,56
3779,1000000,0
3780,1000000,28
3781,1000000,1856
3782,1000000,0
3783,1000000,0
3784,1000000,0
3785,1000000,290
3786,1000000,0
3787,1000000,0
3788,1000000,0
3789,1000000,0
3790,1000000,0
3791,1000000,0
3792,1000000,0
3793,1000000,0
3794,1000000,0
3795,1000000,0
3796,1000000,0
3797,1000000,0
3798,1000000,0
3799,1000000,0
3800,1000000,0
3801,1000000,617
3802,1000000,0
3803,1000000,0
3804,1000000,0
3805,1000000,0
3806,1000000,1186
3807,1000000,0
3808,1000000,0
3809,1000000,2455
3810,1000000,0
3811,1000000,0
3812,1000000,0
3813,1000000,0
3814,1000000,167
3815,1000000,0
3816,1000000,140
3817,1000000,0
3818,1000000,2369
3819,1000000,0
3820,1000000,0
3821,1000000,0
3822,1000000,0
3823,1000000,186
3824,1000000,0
3825,1000000,0
3826,1000000,0
3827,1000000,0
3828,1000000,0
3829,1000000,0
3830,1000000,0
3831,1000000,0
3832,1000000,0
3833,1000000,0
3834,1000000,54
3835,1000000,0
3836,1000000,0
3837,1000000,9
3838,1000000,0
3839,1000000,0
3840,1000000,28
3841,1000000,0
3842,1000000,0
3843,1000000,35
3844,1000000,0
3845,1000000,0
3846,1000000,0
3847,1000000,0
3848,1000000,0
3849,1000000,23
3850,1000000,33
3851,1000000,0
3852,1000000,14
3853,1000000,0
3854,1000000,0
3855,1000000,0
3856,1000000,0
3857,1000000,293
3858,1000000,98
3859,1000000,0
3860,1000000,0
3861,1000000,0
3862,1000000,0
3863,1000000,0
3864,1000000,0
3865,1000000,0
3866,1000000,0
3867,1000000,0
3868,1000000,74
3869,1000000,0
3870,1000000,0
3871,1000000,0
3872,1000000,0
3873,1000000,260
3874,1000000,51
3875,1000000,0
3876,1000000,28
3877,1000000,0
3878,1000000,0
3879,1000000,0
3880,1000000,0
3881,1000000,0
3882,1000000,298
3883,1000000,168
3884,1000000,0
3885,1000000,0
3886,1000000,0
3887,1000000,0
3888,1000000,42
3889,1000000,276
3890,1000000,73
3891,1000000,0
3892,1000000,9
3893,1000000,0
3894,1000000,0
3895,1000000,0
3896,1000000,0
3897,1000000,0
3898,1000000,0
3899,1000000,0
3900,1000000,0
3901,1000000,0
3902,1000000,0
3903,1000000,79
3904,1000000,0
3905,1000000,0
3906,1000000,0
3907,1000000,0
3908,1000000,0
3909,1000000,9
3910,1000000,141
3911,1000000,0
3912,1000000,0
3913,1000000,0
3914,1000000,0
3915,1000000,0
3916,1000000,0
3917,1000000,0
3918,1000000,2207
3919,1000000,11
3920,1000000,0
3921,1000000,0
3922,1000000,35
3923,1000000,515
3924,1000000,0
3925,1000000,0
3926,1000000,0
3927,1000000,0
3928,1000000,575
3929,1000000,1554
3930,1000000,28
3931,1000000,17
3932,1000000,0
3933,1000000,0
3934,1000000,474
3935,1000000,0
3936,1000000,37
3937,1000000,228
3938,1000000,0
3939,1000000,0
3940,1000000,42
3941,1000000,0
3942,1000000,2009
3943,1000000,0
3944,1000000,0
3945,1000000,879
3946,1000000,0
3947,1000000,89
3948,1000000,511
3949,1000000,0
3950,1000000,0
3951,1000000,0
3952,1000000,11
3953,1000000,9
3954,1000000,0
3955,1000000,1042
3956,1000000,0
3957,1000000,0
3958,1000000,0
3959,1000000,0
3960,1000000,0
3961,1000000,0
3962,1000000,0
3963,1000000,261
3964,1000000,0
3965,1000000,0
3966,1000000,0
3967,1000000,84
3968,1000000,0
3969,1000000,0
3970,1000000,0
3971,1000000,0
3972,1000000,0
3973,1000000,0
3974,1000000,0
3975,1000000,0
3976,1000000,28
3977,1000000,0
3978,1000000,0
3979,1000000,0
3980,1000000,502
3981,1000000,594
3982,1000000,0
3983,1000000,117
3984,1000000,0
3985,1000000,0
3986,1000000,0
3987,1000000,93
3988,1000000,0
3989,1000000,0
3990,1000000,751
3991,1000000,0
3992,1000000,0
3993,1000000,0
3994,1000000,0
3995,1000000,0
3996,1000000,23
3997,1000000,0
3998,1000000,93
3999,1000000,0
4000,1000000,0
